Model,Accuracy,Macro Precision,Macro Recall,Macro F1,ESI 1 Recall,Training Time (s),Inference Time per Prediction (ms),Interpretability
Logistic Regression (Week 6),0.6667573696145125,0.5824990971864141,0.46295108499882953,0.4924858473615453,0.25,14.043299479000098,0.009564710929714615,High
"Decision Tree, max_depth=12 (Week 6)",0.5847619047619048,0.4806262289041633,0.2947965008205086,0.3027209034330851,0.0625,0.5671419609999475,0.0011794570521584842,High
"Random Forest, 200 trees (Week 7)",0.4965079365079365,0.40740973343535947,0.5568259642822646,0.3984362795040042,0.5,9.324109031000035,0.022249060136053236,Medium
