class,precision,recall,f1-score,support
1,0.0,0.0,0.0,16.0
2,0.3337123365548607,0.3274755927475593,0.33056455019006054,3585.0
3,0.4907897136604049,0.49814883376527214,0.49444189251263204,5402.0
4,0.1470917225950783,0.14783586284429454,0.14746285393888423,1779.0
5,0.048672566371681415,0.04526748971193416,0.046908315565031986,243.0
accuracy,0.37541950113378686,0.37541950113378686,0.37541950113378686,0.37541950113378686
macro avg,0.20405326783640504,0.203745555813812,0.2038755224413218,11025.0
weighted avg,0.3737966773576095,0.37541950113378686,0.3745835967006062,11025.0
