class,precision,recall,f1-score,support
1,0.4444444444444444,0.25,0.32,16.0
2,0.716256157635468,0.6083682008368201,0.6579185520361991,3585.0
3,0.6603225806451613,0.7578674564975935,0.7057403895880021,5402.0
4,0.60932944606414,0.5874086565486228,0.5981682884945622,1779.0
5,0.48214285714285715,0.1111111111111111,0.1806020066889632,243.0
accuracy,0.6667573696145125,0.6667573696145125,0.6667573696145125,0.6667573696145125
macro avg,0.5824990971864141,0.46295108499882953,0.4924858473615453,11025.0
weighted avg,0.6660417066406571,0.6667573696145125,0.6606979833525084,11025.0
