,precision,recall,f1-score,support
1,0.5,0.0625,0.1111111111111111,16.0
2,0.724494825036964,0.4100418410041841,0.5236907730673317,3585.0
3,0.5503177354130561,0.8817104776008886,0.6776694885110621,5402.0
4,0.6283185840707964,0.11973018549747048,0.20113314447592068,1779.0
5,0.0,0.0,0.0,243.0
accuracy,0.5847619047619048,0.5847619047619048,0.5847619047619048,0.5847619047619048
macro avg,0.4806262289041633,0.2947965008205086,0.3027209034330851,11025.0
weighted avg,0.6073386952853326,0.5847619047619048,0.5349474503567876,11025.0
