,precision,recall,f1-score,support
1,0.5,0.125,0.2,16.0
2,0.7199747155499368,0.6354253835425383,0.6750629722921915,3585.0
3,0.6596314380217357,0.7752684191040355,0.7127904008169518,5402.0
4,0.6385205861828332,0.5143338954468802,0.5697384806973848,1779.0
5,0.4266666666666667,0.13168724279835392,0.20125786163522014,243.0
accuracy,0.672562358276644,0.672562358276644,0.672562358276644,0.672562358276644
macro avg,0.5889586812842345,0.4363429881783616,0.4717699430883496,11025.0
weighted avg,0.6704804087309932,0.672562358276644,0.665420854278339,11025.0
