,precision,recall,f1-score,support
1,0.2857142857142857,0.25,0.26666666666666666,16.0
2,0.6877113866967306,0.6806136680613668,0.68414411888406,3585.0
3,0.6942195443419319,0.6825249907441688,0.6883225987118454,5402.0
4,0.5767030681227249,0.6233839235525576,0.5991356023770935,1779.0
5,0.3624454148471616,0.34156378600823045,0.3516949152542373,243.0
accuracy,0.66421768707483,0.66421768707483,0.66421768707483,0.66421768707483
macro avg,0.5213587399445669,0.5156172736732647,0.5179927803787806,11025.0
weighted avg,0.6652353489716564,0.66421768707483,0.6645411439585525,11025.0
