,precision,recall,f1-score,support
1,0.14285714285714285,0.5,0.2222222222222222,16.0
2,0.6276712328767123,0.6390516039051604,0.6333102971665515,3585.0
3,0.7957142857142857,0.3093298778230285,0.4454812050119968,5402.0
4,0.31540060032325096,0.7678471051152332,0.4471358428805237,1779.0
5,0.1554054054054054,0.5679012345679012,0.2440318302387268,243.0
accuracy,0.4965079365079365,0.4965079365079365,0.4965079365079365,0.4965079365079365
macro avg,0.40740973343535947,0.5568259642822646,0.3984362795040042,11025.0
weighted avg,0.6485076496204877,0.4965079365079365,0.5020604843179058,11025.0
