Model,Accuracy,Macro Precision,Macro Recall,Macro F1,Weighted F1,ESI 1 Recall,ESI 2 Recall,Training Time (s),Inference Time per Prediction (ms),Interpretability,Notes
Logistic Regression,0.6667573696145125,0.5824990971864141,0.46295108499882953,0.4924858473615453,0.6606979833525084,0.25,0.6083682008368201,13.581339530999912,0.01032460172335425,High,Transparent Week 6 reference model
Decision Tree,0.5847619047619048,0.4806262289041633,0.2947965008205086,0.3027209034330851,0.5349474503567876,0.0625,0.4100418410041841,0.3681301809999695,0.001032955827660829,High,Single bounded tree from Week 6
Random Forest,0.4965079365079365,0.40740973343535947,0.5568259642822646,0.3984362795040042,0.5020604843179058,0.5,0.6390516039051604,7.300626082999997,0.023546625759623904,Medium,200 trees with balanced subsamples
LightGBM Base,0.672562358276644,0.5889586812842345,0.4363429881783616,0.4717699430883496,0.665420854278339,0.125,0.6354253835425383,2.4560797990000083,0.03249550820862443,Medium,Untuned gradient-boosted tree model
XGBoost Base,0.6139682539682539,0.578545389805409,0.3503894389060634,0.37680484702340145,0.5700432791353213,0.1875,0.45467224546722457,3.565676812999982,0.007451395102039719,Medium,Untuned boosted-tree comparator
Optimised LightGBM,0.66421768707483,0.5213587399445669,0.5156172736732647,0.5179927803787806,0.6645411439585525,0.25,0.6806136680613668,3.9082485269998415,0.05743438929703539,Medium,Regularised and moderately class weighted
