,precision,recall,f1-score,support
1,0.42857142857142855,0.1875,0.2608695652173913,16.0
2,0.7685054219707685,0.45467224546722457,0.5713284262180162,3585.0
3,0.5713446858485026,0.9005923731951129,0.6991449306603434,5402.0
4,0.7522123893805309,0.1433389544688027,0.24079320113314448,1779.0
5,0.37209302325581395,0.06584362139917696,0.11188811188811189,243.0
accuracy,0.6139682539682539,0.6139682539682539,0.6139682539682539,0.6139682539682539
macro avg,0.578545389805409,0.3503894389060634,0.37680484702340145,11025.0
weighted avg,0.6600414983161077,0.6139682539682539,0.5700432791353213,11025.0
