model,accuracy,macro_f1,weighted_f1,esi1_recall,esi2_recall
Stratified random baseline,0.37541950113378686,0.2038755224413218,0.3745835967006062,0.0,0.3274755927475593
Logistic regression,0.6667573696145125,0.4924858473615453,0.6606979833525084,0.25,0.6083682008368201
Decision tree (max_depth=12),0.5847619047619048,0.3027209034330851,0.5349474503567876,0.0625,0.4100418410041841
