model,accuracy,macro_f1,weighted_f1,esi1_recall
Stratified random baseline,0.37541950113378686,0.2038755224413218,0.3745835967006062,0.0
Logistic regression,0.6667573696145125,0.4924858473615453,0.6606979833525084,0.25
